nom,valeur
modes_rigides,3
f1_Q8_Hz,41.73863073472064
f1_EB_Hz,41.775829779596975
f1_Timoshenko_Hz,41.69278675873123
ecart1_EB_pct,-0.08904441892021056
ecart1_Ti_pct,0.1099566125303574
f2_Q8_Hz,258.6252838881148
f2_EB_Hz,261.8046556001046
f2_Timoshenko_Hz,258.2413943858348
ecart2_EB_pct,-1.2144061016417356
ecart2_Ti_pct,0.14865529331306002
f3_Q8_Hz,711.54759837983
f3_EB_Hz,733.060617774517
f3_Timoshenko_Hz,710.0476489633202
ecart3_EB_pct,-2.9346849186903463
ecart3_Ti_pct,0.2112463042022277
f4_Q8_Hz,1360.8613255760388
f4_EB_Hz,1436.5062344467008
f4_Timoshenko_Hz,1356.8156764059754
ecart4_EB_pct,-5.265894923163918
ecart4_Ti_pct,0.2981723487142895
f1_lumped_Hz,41.73032317174264
f1_consistent_Hz,41.73863073472064
masse_effective_mode1_pct,61.58644408848145
modes_pour_90pct,4
ordre_encastree,1.8742229835917459
ordre_libre_libre,3.9529849905631274
f1_extrapole_encastree_Hz,41.71760639386602
f1_extrapole_libre_Hz,263.47967581912644
P_critique_modal_N,5392.05446869472
P_critique_Euler_N,5397.439906845742
